232,John,Mathews,02/24/1991,289-31-9165,ND
533,Nathan,Moore,11/19/1978,220-05-7469,ME
256,Amanda,Douglas,01/08/1990,564-27-6961,ID
189,Heather,Andrews,08/11/1976,742-79-1797,VT
284,Daniel,Hernandez,07/22/1976,656-01-7473,CO
512,Danny,Pena,01/31/1978,158-33-9878,MN
126,Gary,Knight,03/08/1994,782-25-1242,AR
556,Robin,Carroll,10/14/1972,606-48-7194,CA
595,Michelle,Dickerson,02/08/1984,707-24-2817,TN
191,Kimberly,Gallegos,08/05/1972,653-52-7563,OR
55,Morgan,Parker,01/30/1986,692-70-4320,TN
623,Mason,Rhodes,01/28/1977,841-07-4767,MD
426,Amy,Griffin,02/18/1973,241-86-1946,MA
535,Danielle,House,04/16/1975,350-25-9308,ME
399,Charles,Greene,11/28/1992,299-23-2935,KY
33,Nicholas,Martinez,04/05/1979,122-26-1689,LA
302,Tracey,Meadows,01/12/1988,642-22-6175,RI
325,Renee,Evans,03/14/1991,748-42-2708,MT
188,Joseph,Estrada,03/29/1984,246-57-2571,PA
184,Jeremy,Warner,10/20/1987,423-43-1184,AL
526,Anthony,Rodriguez,02/09/1983,843-84-3865,ID
85,Kristen,Lopez,01/02/1978,364-04-8194,VA
171,Mark,Mcdonald,06/27/1984,053-77-0101,MT
74,Robert,Freeman,01/01/1984,084-85-5211,AR
69,Michael,Reynolds,10/30/1994,592-41-8507,CA
365,Kristine,Little,07/10/1974,113-66-1771,SD
149,April,Barnes,02/15/1983,128-77-3288,RI
218,Pamela,Hodges,02/19/1989,006-66-1423,UT
647,Ronald,Gilbert,05/26/1974,457-77-4448,WY
518,Thomas,Cooper,08/17/1972,212-54-9890,CO
12,Dakota,Harrington,08/24/1972,798-25-7188,VA
622,Jennifer,Porter,01/20/1991,170-63-5572,WI
159,Beverly,Jordan,08/15/1986,671-99-3762,NM
394,Mark,Brown,04/02/1975,236-95-8531,CA
158,Amy,Ford,06/05/1974,002-25-6461,NC
446,Benjamin,King,05/07/1973,739-64-8165,RI
352,Stephen,Bryant,05/15/1991,332-13-6488,SD
598,Brandi,Williams,10/15/1989,110-22-8500,MD
505,Ashley,Hutchinson,04/26/1994,879-50-1510,SC
173,Alisha,Pacheco,01/13/1982,470-37-2496,MI
84,Robert,Campbell,02/27/1973,278-32-9581,SD
406,Sandra,Sanders,10/06/1980,006-06-1673,RI
164,Katherine,Hensley,05/29/1991,700-38-7226,CT
267,Stacy,Cox,11/08/1976,302-26-0990,AL
503,Frank,Barton,06/10/1993,774-52-5568,MA
295,Shannon,Kramer,05/04/1980,680-62-7615,SC
590,Brenda,James,12/31/1977,721-56-3251,HI
97,Paula,Edwards,08/10/1988,645-23-0638,KS
3,Jennifer,Rowe,09/16/1980,801-60-9014,NY
20,David,Foster,01/09/1990,365-26-6956,MO
179,William,Boyle,01/30/1988,834-63-0490,AR
86,Christopher,Greene,05/29/1972,530-92-8446,ID
219,Matthew,Fuller,04/27/1980,738-39-2989,MS
237,Gabriela,Nguyen,12/17/1981,075-73-3729,WA
96,Allison,Diaz,03/25/1994,281-52-8927,AR
22,Isaac,Jordan,05/06/1986,488-29-0520,TX
439,Cheryl,Bailey,10/31/1991,426-94-1224,NC
146,Julie,Castillo,02/16/1988,876-21-4523,AK
271,Michael,Adams,12/10/1986,070-09-3927,FL
103,Melinda,Parsons,02/07/1986,600-90-8751,NE
540,Robert,Campbell,01/17/1987,368-69-3694,DE
144,Julie,Nelson,08/08/1994,695-57-1332,SD
594,Steven,Nelson,04/14/1989,664-38-2085,VT
176,Hailey,Lynn,03/25/1973,863-75-9488,CA
198,Dillon,Nguyen,05/26/1978,515-28-4552,IL
433,Hannah,Miller,10/18/1973,710-61-4657,NY
274,Jeffrey,Harris,05/25/1994,117-70-4763,KY
6,Daniel,Welch,08/08/1982,001-90-6950,IL
452,Bryan,Jackson,09/08/1982,801-72-8117,MD
23,Denise,George,09/07/1990,022-05-4879,WI
373,Alicia,Carney,09/10/1989,568-83-9437,OH
374,William,Peters,03/20/1986,716-80-7516,KY
200,Dustin,Drake,09/17/1993,257-73-5454,WV
428,Jessica,Thornton,01/03/1983,546-27-2381,KS
116,Rebecca,Wilson,06/08/1980,760-70-6629,MI
418,Katherine,Lane,11/01/1986,019-89-6820,NH
9,Sarah,Harper,07/27/1993,824-14-5891,AK
230,Jermaine,Hill,09/11/1988,126-49-5479,NJ
502,Michael,Marshall,04/05/1990,118-93-5125,MI
632,Kirsten,Mcbride,09/10/1973,797-71-2372,IA
112,Rachael,Holmes,07/30/1973,096-04-2067,GA
422,Leon,Foster,09/19/1975,413-38-3153,SC
131,David,Mcclain,08/02/1976,075-49-5430,OH
404,Emily,Lawrence,11/24/1991,224-10-1991,TN
504,Troy,Booth,12/27/1990,485-13-5141,TN
194,Stephanie,Ho,04/25/1983,204-51-3656,KS
567,Michele,Hendricks,03/10/1990,737-42-7341,MS
253,Eric,Harper,11/12/1986,067-02-2860,NV
407,Jonathan,Gomez,06/05/1993,395-99-4727,SD
82,Kevin,Garcia,11/25/1977,206-65-4722,NV
429,Howard,Lawson,04/13/1984,401-14-7664,MI
78,Stacy,Robertson,09/24/1974,571-39-0248,WY
167,John,Beck,07/27/1985,524-33-3635,AR
484,Julia,Morgan,03/18/1976,767-20-1731,WI
60,Allen,Leon,04/06/1975,841-36-9089,MI
400,James,Rios,03/04/1978,383-08-3987,ID
34,Ralph,Wells,10/19/1988,216-43-4237,KS
596,Megan,Chavez,10/08/1991,747-91-7659,CT
279,Ashley,Patrick,06/07/1974,839-26-0763,WY
466,Bonnie,Bowen,11/07/1993,800-70-5889,ID
327,Andrew,Lawson,04/05/1982,856-80-7313,MT
382,Tonya,Chavez,04/17/1984,786-57-5703,MT
369,Michelle,Larson,03/20/1980,532-69-3866,FL
347,Mark,Garrett,09/18/1985,402-24-4408,WY
25,Chelsea,Rivera,06/21/1987,085-21-0140,NH
317,Amanda,Krause,11/06/1977,113-41-4744,IL
321,Paige,Spencer,09/02/1991,363-54-8621,NY
193,Rhonda,Gonzales,06/07/1976,516-64-4110,ID
606,Jasmine,Kelly,06/30/1979,055-80-3251,MN
123,Amy,Sherman,08/04/1973,782-65-6029,NJ
566,David,Arroyo,04/16/1975,732-94-9403,FL
409,Robert,Lin,11/12/1975,561-55-0121,AZ
265,Paul,Wilson,06/19/1993,391-91-9871,IA
490,Paul,Meyers,03/13/1989,404-53-1680,HI
311,Jessica,Elliott,06/04/1978,772-77-1632,OH
537,Anthony,Richmond,10/05/1989,080-33-8935,AR
147,William,Rivera,03/08/1975,803-02-7032,SD
304,Sheri,Villegas,02/13/1985,465-80-8629,OR
472,Kelly,Hopkins,10/08/1984,890-86-6875,HI
348,Darren,Farrell,05/24/1991,678-95-5885,CA
91,Darlene,Harmon,05/05/1980,227-65-3052,WV
410,Rachel,Lyons,08/29/1972,296-79-0900,ME
344,David,Jacobs,02/28/1982,065-41-3682,FL
419,Christina,Weeks,10/15/1972,740-28-2028,PA
1,Andrea,Anderson,11/12/1984,818-91-5650,CT
532,Jennifer,Smith,01/31/1989,705-34-1748,GA
107,Shirley,Andrews,12/07/1981,723-99-5306,OH
166,Adrian,Rivera,02/13/1973,144-95-5638,MA
391,George,Mckinney,02/04/1984,755-33-7748,UT
67,Hailey,Boyd,11/17/1980,086-77-0270,NY
447,Tiffany,Harris,01/12/1983,121-83-9733,WV
653,Mary,Hunter,11/01/1977,177-57-6623,TX
294,Robert,Edwards,04/07/1980,096-77-5215,GA
416,Barbara,Lambert,09/07/1979,165-52-5353,ID
185,Angela,Armstrong,03/22/1990,269-99-2446,NY
637,Brett,Ward,09/27/1979,700-71-0204,MN
333,Troy,Sanchez,11/15/1990,168-44-2052,OK
579,Garrett,Carter,09/26/1988,652-58-7246,CA
215,James,Reeves,01/31/1988,770-54-1620,IN
152,Mary,Baker,07/08/1979,533-88-0954,MI
301,Alexandra,Bradley,06/13/1980,667-90-9390,AL
572,Aaron,James,03/25/1974,778-13-4596,OR
165,Thomas,Wood,08/21/1979,248-17-8269,TN
639,Charlene,Jackson,10/28/1989,738-45-8809,WY
405,Mary,Robbins,12/01/1975,407-63-9514,FL
390,Kayla,Washington,10/08/1985,541-21-6218,CT
641,Kimberly,Knapp,11/23/1992,727-48-1122,CO
51,Nicholas,Brown,09/18/1988,084-56-2869,SC
421,Rebecca,Marshall,05/06/1974,773-33-1020,PA
106,Mark,Smith,07/07/1979,522-60-5381,ND
379,Adam,Harrell,10/18/1981,469-74-0742,WV
76,Steve,Daniels,09/14/1980,185-86-3537,CO
68,Victoria,Potter,03/25/1988,010-68-4290,UT
118,Kathy,Preston,03/06/1990,424-27-9960,LA
127,Michael,Donaldson,01/01/1995,199-58-7624,CA
542,Brian,Bridges,02/22/1976,575-85-4546,MN
181,Martha,Gonzalez,01/17/1981,686-29-8342,KS
111,Paul,Rogers,01/10/1992,746-01-6284,MT
481,Dawn,Galvan,09/03/1989,265-68-8058,TN
568,Amber,West,01/19/1978,557-26-7363,ND
395,Christopher,Guerrero,01/29/1983,852-24-4036,WY
345,Stacy,Brooks,06/17/1991,145-64-4661,SC
438,Danielle,Kaiser,08/21/1975,563-85-9764,AL
403,Taylor,Boyle,09/26/1979,240-32-9756,MD
180,Donna,Howard,12/16/1978,587-37-3416,CA
616,Anne,Rios,11/26/1974,743-73-6513,HI
56,Theresa,Barnes,09/28/1976,254-35-2054,CT
153,Lori,Tate,03/08/1977,111-26-9123,NM
551,Alexandria,Baker,11/02/1974,366-95-3200,NV
135,Stephen,Hensley,09/30/1978,894-60-5372,GA
500,Jennifer,Fischer,11/19/1983,238-14-5609,UT
24,Pamela,Robinson,02/21/1981,047-80-4275,NM
81,Brendan,Gonzalez,08/02/1991,611-60-9993,SC
50,Richard,Turner,12/24/1982,114-08-9924,TN
328,Michael,Robinson,10/22/1973,558-20-2355,IL
402,Patricia,Sharp,07/13/1987,332-99-0306,MD
255,Elizabeth,Avila,03/15/1977,361-86-8453,NH
413,Christopher,Martinez,12/28/1978,575-63-8774,CT
507,Isaac,Woods,03/20/1984,615-91-6227,AK
62,Adriana,Wolf,10/17/1994,589-24-1702,OR
150,David,Pearson,06/14/1982,122-43-1781,AL
109,Matthew,Kramer,05/14/1988,474-39-4860,RI
310,Pamela,Archer,10/25/1987,775-85-2625,WV
243,Charles,Stout,12/05/1976,207-81-1997,KS
72,Daniel,Boyd,07/18/1978,402-94-1220,NY
608,Jimmy,Jones,02/19/1973,699-53-2030,MA
19,Rebecca,Hammond,02/21/1972,617-73-2706,LA
30,Emily,Diaz,12/04/1986,383-57-9174,AK
119,Chad,Wise,11/10/1988,628-30-1355,CO
162,Todd,Duran,01/14/1976,297-29-1832,KY
199,Brian,Mclaughlin,09/21/1987,719-81-2876,PA
187,Katherine,Rogers,05/13/1988,167-41-9500,ME
102,Joseph,Adams,01/18/1979,409-65-7778,WI
385,David,Lowery,10/21/1987,585-13-7963,UT
626,Janice,Young,07/07/1988,891-32-4863,WA
528,Anna,Matthews,02/09/1991,500-35-4474,TN
31,Katie,Garcia,03/22/1983,702-04-8462,AK
43,Maria,Estrada,04/30/1990,549-32-8108,LA
169,Ashley,Smith,07/16/1983,750-52-8720,TX
204,Amy,Wright,10/15/1991,764-48-8641,CA
494,Heather,Scott,08/20/1982,295-89-0361,NH
233,John,Anderson,05/30/1973,548-98-6681,NY
638,John,Anderson,01/07/1983,653-01-7935,UT
57,Kimberly,Harris,10/01/1988,807-73-5459,IA
648,Christopher,Smith,11/23/1976,878-46-2521,WI
192,Daniel,Singh,12/25/1980,478-27-7521,VA
73,Miranda,Nguyen,08/12/1981,166-93-2585,ME
477,Gregory,Simpson,07/09/1990,086-18-9365,CO
411,Daniel,Brown,04/19/1984,808-28-6526,NM
630,Susan,Thompson,05/17/1985,518-54-6074,TN
600,Rick,Johns,07/30/1984,537-62-7121,NV
634,Sean,Calhoun,07/31/1978,799-26-2261,SD
296,Alan,Holden,11/06/1994,319-01-6916,PA
154,Robin,Silva,07/14/1987,517-18-0453,AK
527,Nicole,Conrad,06/02/1985,370-18-6985,SD
635,Deanna,Russell,07/29/1972,528-47-9236,MD
229,Joshua,Bailey,07/20/1986,599-22-4031,WV
389,Daniel,Patrick,10/15/1972,498-64-8777,GA
220,William,Smith,06/04/1990,084-38-0654,AR
454,Kristin,Grant,08/23/1980,753-79-9693,WV
488,Kimberly,Velasquez,01/10/1989,076-78-4229,GA
41,Michael,Dalton,03/08/1994,054-72-2101,WI
522,Jason,Shaw,11/01/1985,497-85-4765,KY
269,Jonathon,Olson,07/08/1985,858-76-7767,SC
35,Andrea,Perry,02/01/1986,154-16-8897,CO
10,Anthony,Nguyen,10/09/1986,623-09-8472,WI
397,Anthony,Christensen,05/13/1983,207-71-8703,OH
45,Paul,Murphy,07/18/1975,241-75-9454,NJ
210,Susan,Stewart,04/23/1989,459-66-2712,GA
197,Scott,Warren,06/24/1985,756-57-3723,OH
354,Jennifer,Avery,08/08/1987,082-59-5062,LA
552,Alexander,Vaughan,08/22/1988,866-33-8562,MI
414,Laura,Parker,12/05/1973,729-62-6879,CO
134,Derek,Harrington,09/15/1990,535-01-2836,AR
11,Daniel,Wells,08/27/1994,839-35-7268,CA
222,Kelly,Phillips,11/05/1987,192-12-1324,MI
442,Lauren,Bennett,06/05/1985,767-19-4874,IA
633,Aaron,Wolf,04/09/1978,317-42-1149,WY
361,Julia,Wright,09/04/1980,542-41-6702,CO
205,Cheryl,Dennis,06/16/1986,026-01-0712,TX
18,Donna,Lopez,02/22/1985,479-38-5711,DE
459,Matthew,Gibbs,06/12/1984,116-40-9698,ID
564,Nancy,Mitchell,02/02/1988,189-86-9365,GA
138,Ashley,Bullock,07/23/1983,889-76-5394,MS
356,Andrew,Moore,01/03/1982,477-15-5178,ID
479,Joseph,Martinez,10/05/1973,768-26-9409,NH
100,Yvette,Rodriguez,09/11/1985,763-31-8123,OR
451,Carrie,Barber,11/09/1977,003-45-3083,LA
432,Ashley,Sherman,10/01/1984,620-89-1501,NE
71,Craig,Garcia,08/18/1994,455-61-3695,PA
463,Jerome,Brown,07/10/1992,409-31-9456,MD
308,Kevin,Beck,03/29/1981,159-41-7304,TN
591,Travis,Hansen,07/28/1981,475-71-6746,DE
214,Rodney,Cook,12/15/1994,238-96-6232,RI
290,Theresa,Brown,02/20/1993,804-19-3478,MN
8,Wayne,Mercer,09/21/1989,701-03-7254,MA
182,Mary,Lee,04/12/1982,883-57-7361,OH
534,Matthew,Martin,07/12/1993,338-08-7803,ID
511,Lee,Weber,12/03/1988,198-89-9830,CA
32,James,Wilson,07/23/1977,621-18-7343,OR
289,Angela,Clark,04/20/1988,281-90-3392,MN
643,Allen,Flynn,07/25/1994,628-97-7573,NH
234,Darrell,Coleman,08/24/1992,812-42-4198,WI
618,Patrick,Wells,08/03/1979,466-38-3209,MS
246,Tyler,Beck,10/20/1986,129-76-1385,HI
546,Michelle,Jenkins,11/29/1977,858-22-8254,NE
455,Scott,Miller,09/27/1991,209-56-3580,WY
341,Maria,Mcmillan,09/07/1973,817-55-3730,TX
252,Amy,Waller,10/01/1980,603-54-8763,MA
351,Jacob,Thomas,03/31/1976,809-33-8896,MS
493,Amanda,Jones,07/31/1993,687-39-0691,MN
599,Edward,Padilla,10/09/1993,719-25-5222,PA
315,Debra,Best,02/20/1973,082-24-3320,ND
577,Gregory,Roberts,01/27/1986,186-68-4496,IN
415,Suzanne,Wheeler,05/19/1985,456-41-2982,WI
303,Ann,Lewis,01/14/1976,298-83-0619,MT
478,Michelle,Peterson,06/25/1984,177-22-2154,MA
313,Adam,Thomas,12/30/1982,057-11-1297,VA
4,Donna,Owens,09/26/1987,084-17-6696,AL
249,Pamela,Lyons,09/27/1972,867-13-3318,AR
649,Victor,Lopez,10/26/1987,141-12-3964,NV
565,Matthew,Miller,04/07/1979,330-94-3517,CO
513,Kevin,Foster,10/18/1985,422-99-5090,WI
516,Alyssa,Stokes,04/01/1973,084-21-2432,OH
545,Mark,Saunders,08/23/1973,618-38-2640,VT
38,Michael,Chapman,03/13/1977,293-49-6874,OR
309,Cole,Farrell,01/29/1993,547-17-7973,IN
578,Michael,Estrada,10/12/1994,571-34-2448,OH
178,Shaun,Martinez,12/11/1982,152-98-5793,NC
359,Victoria,Moon,01/06/1976,830-03-8604,AZ
278,Brian,Peters,05/07/1982,543-13-3701,HI
292,Jose,Gonzalez,06/01/1992,608-36-9797,MD
87,John,Paul,11/20/1973,315-98-7180,KY
286,Stephanie,Smith,04/26/1978,259-17-1286,NH
221,Lisa,Wilson,11/09/1993,751-41-6950,AZ
524,Cody,Duran,01/15/1973,653-33-6706,NM
453,Ann,Johnson,06/01/1981,051-21-9046,NE
468,Paula,Hernandez,10/12/1975,259-58-2951,CA
444,Patrick,Barber,07/21/1991,613-82-9891,NY
350,Dennis,Alvarado,11/27/1973,632-89-4378,MT
462,David,Peterson,06/27/1973,884-25-7312,LA
66,Tina,Williams,11/04/1987,045-10-7775,OR
495,Bridget,Koch,02/23/1973,618-56-9714,WY
586,Adrian,Hernandez,09/08/1993,433-29-5101,NE
457,Andrea,Potter,12/26/1983,034-01-6384,NH
392,David,Williams,07/07/1990,802-19-6350,MA
202,Katherine,Wright,05/10/1987,665-34-3109,AR
467,Kevin,Taylor,04/19/1979,273-85-2293,NH
627,Latoya,Mitchell,03/15/1991,057-81-3607,ME
367,Tricia,Smith,01/24/1992,072-19-7866,CA
244,David,Miles,11/26/1993,276-83-2657,MI
620,Gina,Hoffman,03/20/1990,723-22-4213,UT
642,Tamara,Whitney,09/21/1975,871-91-9208,MO
427,John,Garcia,04/14/1987,044-94-3993,TX
539,Craig,Nunez,06/13/1972,543-92-6566,DE
98,Desiree,Ross,07/07/1981,246-73-2608,MS
324,Samantha,Ramirez,08/11/1981,851-36-7086,MD
589,David,Patton,11/19/1978,569-40-9705,PA
339,Caroline,Lopez,08/09/1981,141-88-1325,OK
645,Karen,Malone,09/03/1985,843-57-5442,CO
355,Daniel,Wright,12/31/1989,873-89-3803,FL
541,Brent,Miller,01/14/1978,590-87-9692,HI
360,Mitchell,Meyer,08/31/1991,368-27-7666,RI
39,Annette,Flores,04/19/1977,537-24-3196,NE
305,Wendy,Hendrix,08/19/1983,001-37-6634,WY
474,Alexis,Cross,08/11/1983,552-98-3694,MN
571,Jeffrey,Jones,06/27/1981,852-86-1822,SD
372,Jessica,Walsh,06/01/1976,846-99-2907,RI
559,Sherry,Henderson,02/15/1991,217-07-3768,FL
521,Jennifer,Johnson,02/17/1978,283-79-3102,OK
583,Scott,Ellison,03/31/1977,602-12-8653,NH
329,Denise,Baldwin,04/06/1992,279-07-7350,AL
201,Rebecca,James,12/04/1980,006-26-1514,MA
276,Sean,Gonzales,08/11/1981,068-74-8838,MO
592,Mary,Chavez,04/27/1990,809-22-2834,PA
124,Ralph,Martinez,02/26/1980,824-09-4024,WA
133,Thomas,Stone,03/29/1973,220-15-8227,DE
314,Christopher,Anderson,07/01/1974,726-98-1835,NC
562,Allison,Garcia,02/08/1983,441-64-0105,LA
125,Charles,Hall,09/15/1982,691-66-7617,PA
625,Lawrence,Roach,04/03/1991,032-09-2080,KY
312,Christopher,Dougherty,03/29/1978,344-71-0986,AL
90,William,Small,08/05/1990,454-32-0642,CO
236,Samuel,May,03/30/1988,091-15-0970,NJ
601,Brian,Lopez,02/13/1990,727-03-7558,DE
326,Amanda,Clark,07/23/1991,601-64-5043,MN
264,Cody,Taylor,11/13/1978,769-71-3700,SD
248,Sherry,Love,03/24/1975,166-29-8685,OR
485,Christine,Stone,11/07/1978,727-79-6503,KS
54,Kristy,Diaz,03/26/1988,779-76-1032,IA
2,Amy,Long,07/19/1982,791-29-7292,FL
298,Haley,Myers,03/20/1985,357-51-0757,MD
99,Michael,Holden,07/23/1975,637-01-7951,IN
186,Kelly,Ferrell,01/21/1982,017-64-2299,NH
593,Rachel,Valdez,05/21/1985,288-96-0852,UT
557,Kristine,Roberson,03/18/1981,285-17-0956,MN
375,Vincent,Watson,12/15/1974,626-71-8997,RI
460,Elizabeth,Bailey,07/15/1979,304-36-7230,MI
496,Mark,Mcmillan,07/08/1976,737-51-2503,MI
487,Sheri,Long,06/06/1978,711-90-5166,OH
469,Daniel,Mccall,07/12/1987,171-75-5314,NE
340,Dawn,Malone,04/19/1979,501-21-2070,TN
363,Evan,Romero,08/25/1994,842-10-3334,NM
108,Paul,Adams,04/19/1992,338-94-5765,WV
357,Tracy,Holt,10/20/1988,558-78-1413,AK
293,Charles,Wheeler,02/11/1972,184-38-5781,CA
604,Ashley,Harris,08/09/1993,105-86-7070,IL
7,Roberto,Schmidt,02/07/1994,731-10-1763,AL
94,Margaret,Barton,10/10/1975,381-60-0973,ID
227,Michelle,Diaz,09/25/1993,407-79-4889,ID
486,Mike,Duncan,12/15/1988,270-03-8115,MD
613,Alexandra,Thomas,01/12/1994,085-40-6760,SD
603,Mark,Murillo,09/22/1976,069-17-9915,MI
332,Carol,Dyer,03/12/1989,600-52-5545,HI
587,Daniel,Williams,11/17/1989,533-29-9146,NH
602,Sandra,Suarez,09/20/1980,769-90-9548,GA
398,Sarah,Hamilton,07/20/1976,887-03-3104,ND
148,Sydney,Floyd,03/31/1981,539-71-0722,CT
223,Jonathan,Hall,07/01/1978,695-47-6672,NE
574,Jennifer,Kim,10/03/1976,313-36-9504,MN
588,Kenneth,Sanchez,10/30/1980,214-25-8921,CA
157,Joseph,Carroll,05/09/1975,370-40-5984,ND
175,Jennifer,Arnold,10/18/1976,427-30-4368,AL
473,David,Le,08/31/1976,010-02-5444,MI
29,Jeffrey,Clark,06/28/1978,635-21-0316,MO
334,Jeffery,Reed,07/19/1985,080-44-6338,NJ
465,Laura,Kim,07/26/1974,895-19-3606,PA
92,Derek,Obrien,06/29/1990,410-87-6123,NH
470,Brooke,Bishop,12/18/1980,412-08-4107,CA
128,Peter,Miles,10/26/1976,414-73-3367,WA
77,Alex,Owen,10/07/1987,416-16-9252,AL
530,Michael,Fowler,08/28/1990,645-83-3995,TN
270,Katherine,Rose,01/19/1976,441-58-0446,MN
251,Daniel,Waller,04/23/1974,875-21-0011,KY
277,Ronald,Johnson,09/19/1973,114-71-8871,DE
346,Austin,Gutierrez,06/25/1979,205-28-0203,VT
238,Brandon,Chang,05/14/1984,341-89-6687,AL
143,Alexander,Murphy,05/05/1984,775-04-0664,UT
461,Stephanie,Mendoza,03/22/1977,329-01-8308,VT
5,Gregory,Moore,02/10/1982,870-62-6226,MA
117,Jonathan,Mendoza,12/30/1989,693-61-0262,MD
396,Michelle,Phillips,09/17/1988,844-26-2345,OK
517,Justin,Morgan,03/17/1976,774-57-5133,MI
228,Michael,Hubbard,09/09/1978,620-09-8972,CT
576,Travis,Little,05/14/1992,731-12-6995,WY
482,Susan,Kennedy,12/19/1988,617-76-4558,ME
611,Emily,Mcgrath,11/10/1973,813-34-7640,CO
288,Sandra,Griffin,11/13/1988,499-56-6533,NV
322,Jessica,Sullivan,01/07/1990,889-12-2665,WY
93,Timothy,Mendoza,06/09/1980,241-02-2367,NM
631,Amanda,Pearson,08/15/1979,422-17-9832,TN
95,Jeffery,Burnett,07/28/1984,704-38-4493,KS
225,Brian,Williams,01/12/1986,864-23-5701,MT
386,Randy,Dorsey,05/09/1974,425-80-0360,MO
272,Duane,Williams,10/14/1973,433-06-8818,NV
614,Colleen,Beasley,08/12/1977,108-95-3286,MA
262,Brian,Jackson,12/21/1985,265-23-9597,PA
110,Cynthia,Price,10/15/1991,883-48-6184,SD
501,Donald,Carter,07/16/1983,441-92-5922,HI
65,Lisa,Schmitt,04/23/1976,124-27-5980,TN
458,Dustin,Nichols,06/07/1977,515-40-9015,NE
224,Jay,Brown,04/24/1980,270-72-8736,TX
160,Beth,Lynch,02/13/1984,746-76-0814,AK
259,Mary,Mitchell,01/20/1982,789-28-3602,TX
547,Joshua,Rush,08/05/1986,611-35-2710,GA
358,Jillian,David,04/11/1973,737-64-4462,HI
652,Anthony,Delgado,09/19/1994,004-64-7837,FL
49,Meghan,Wilson,05/18/1988,367-27-4722,HI
437,Andrea,Montgomery,12/03/1991,815-88-6315,OH
536,Megan,Gray,10/12/1972,778-23-4006,NY
636,Sarah,Brooks,06/27/1991,311-24-6948,AR
330,Kaylee,Clark,05/29/1992,790-16-0753,WI
538,Joseph,Martin,04/13/1992,030-49-5396,AR
168,Donna,Rose,04/20/1989,719-40-1960,TN
480,Brandi,Sawyer,07/13/1979,008-58-9334,RI
543,James,Torres,01/19/1986,626-84-5026,DE
506,Jonathan,Malone,04/14/1984,564-67-9942,MN
80,Christine,Williams,08/15/1974,527-98-1974,MN
342,Christopher,Young,12/02/1988,326-55-1343,NE
364,David,Turner,02/13/1973,087-32-7108,IL
64,Gregory,Estes,10/04/1989,075-74-9235,KS
156,Shannon,Vaughn,12/27/1992,808-91-2444,AR
285,James,Mclaughlin,01/21/1981,283-38-1088,NC
79,Michael,Brown,01/13/1986,132-02-9682,OH
170,Jennifer,Crawford,07/21/1986,229-11-5861,FL
561,Michelle,Carr,06/22/1978,823-25-2759,CT
617,Andrew,Love,05/27/1991,648-67-9696,OH
515,Anna,Bennett,06/20/1977,726-51-6909,TN
644,William,Watts,10/12/1989,304-40-6883,MN
450,Cynthia,Williams,12/23/1978,044-54-5994,NY
216,Bruce,Miles,01/21/1982,573-82-0969,IA
88,Amanda,Wilson,05/23/1972,724-19-0767,NE
130,Joshua,Riley,11/08/1983,854-49-4874,IN
408,Carla,Torres,02/23/1987,370-68-7599,CT
105,Mark,Green,06/14/1977,198-33-6893,AZ
580,Stephanie,Goodwin,02/25/1986,344-89-5702,NC
388,Cameron,Allen,01/02/1986,136-19-8341,ID
316,Harold,Li,05/11/1983,283-61-2966,GA
196,Sara,Curry,06/05/1984,519-38-1678,ID
366,Caroline,Wyatt,11/12/1979,445-50-7063,NY
331,Nicole,Perez,09/28/1982,462-42-1455,MT
63,Jacqueline,Garcia,01/31/1991,295-50-8953,NC
651,Alexander,Wright,04/18/1979,756-79-7263,MN
497,Heather,Farrell,01/11/1978,310-06-0338,MA
14,Joseph,Fernandez,06/01/1978,426-42-4971,IL
52,Timothy,Chandler,03/26/1978,582-22-3897,NM
456,Gregory,Jackson,06/06/1973,534-49-0058,WY
412,Thomas,Patterson,05/06/1977,461-05-4561,VA
283,Timothy,Suarez,01/12/1977,297-27-3073,WI
174,Jennifer,Jensen,03/09/1991,887-11-4293,GA
509,Andrew,Hogan,06/08/1990,792-16-5943,ND
254,Dale,Hartman,10/01/1993,432-25-9502,ME
531,Jennifer,Williams,02/27/1977,636-51-9054,OK
104,Antonio,Perez,02/09/1980,389-42-4115,NC
549,Joshua,Hicks,01/07/1985,513-99-4786,KS
183,Edward,Thompson,08/31/1994,079-49-8605,OH
612,Lee,Zamora,03/17/1979,869-60-3321,UT
492,Wyatt,Rivers,02/07/1984,614-70-5135,KY
27,Michelle,Reeves,11/23/1972,785-63-1066,PA
287,Joanna,Hopkins,04/17/1973,040-93-2714,MA
584,Joseph,Mitchell,05/18/1980,467-14-7441,VA
624,Ariel,Ray,09/11/1972,864-09-2732,OR
53,Shawn,Murray,10/30/1990,289-22-5217,MS
206,Jose,Spears,03/01/1976,853-38-2675,NH
211,Caroline,Mayer,05/03/1973,003-62-2487,WY
646,David,Weaver,08/11/1976,757-06-2750,ME
336,Kelly,Sullivan,04/12/1988,661-66-7284,NV
555,Kyle,Ramirez,05/30/1984,493-42-2839,WA
560,Carrie,Davis,06/20/1984,515-71-6558,WA
203,Catherine,Martinez,04/28/1990,810-79-6917,NM
217,Amanda,Lewis,12/05/1988,367-54-0504,MT
371,Katherine,Bailey,03/04/1994,363-30-3545,WV
605,Rodney,Smith,05/08/1975,618-31-3105,NH
337,Savannah,Saunders,05/12/1984,465-33-2473,IA
381,Claudia,Oneal,04/01/1987,377-73-9008,TX
508,Roy,Johnson,03/30/1984,467-51-6344,AK
58,Michelle,Smith,07/08/1982,201-65-6834,NV
401,Amanda,Haney,04/11/1983,590-77-9019,IA
163,Theresa,Fletcher,10/22/1992,184-29-0535,VA
548,Debra,Green,07/20/1988,227-39-5376,SC
161,John,Cox,12/11/1985,338-52-7739,OH
464,Beth,Harris,12/22/1982,698-92-5871,RI
476,Erica,Mcconnell,07/01/1981,160-88-0878,MA
208,Kimberly,Johnson,01/22/1992,714-72-4304,PA
378,Kyle,Aguirre,10/24/1973,371-57-4469,NE
654,Nicole,English,04/30/1977,765-82-9164,HI
585,Bonnie,Turner,04/01/1973,074-68-0208,MD
621,Maurice,Gillespie,09/07/1984,837-91-8509,GA
300,Corey,Adams,10/08/1988,248-93-2578,OR
640,Brett,Nelson,06/20/1986,084-14-3049,MD
297,Melody,Nelson,01/23/1979,192-41-1931,VA
209,James,Young,04/12/1980,236-57-8557,ME
320,Robert,Smith,04/14/1994,596-07-0748,MS
242,Caroline,Larson,05/05/1990,301-81-7178,LA
258,Megan,Robinson,03/24/1973,504-14-1601,WV
570,Shawn,Edwards,01/19/1978,767-54-4865,LA
417,David,Evans,09/15/1977,333-38-6773,WA
281,Julie,Price,01/20/1993,727-90-3599,PA
436,Briana,Webster,02/08/1978,272-29-3704,PA
441,Robin,Oconnor,02/27/1978,413-15-0782,NH
425,Albert,Davidson,01/20/1975,207-05-9182,CA
553,Mark,Chen,04/02/1989,706-71-3553,WY
266,Elizabeth,Lynn,02/25/1992,824-09-8647,MA
40,Tracy,Gonzalez,11/01/1983,073-55-4059,WY
609,Patricia,Fletcher,06/30/1979,843-06-2311,RI
471,Tammy,Salinas,12/29/1980,840-48-3850,NC
307,Roger,Wright,03/04/1974,311-67-3080,MO
353,Kelly,Castillo,04/13/1992,821-22-7622,WA
393,Charles,Kelley,04/14/1993,159-25-1133,OK
607,David,Johnson,06/23/1985,002-74-9729,DE
483,David,Cervantes,01/08/1983,415-39-0082,WA
370,Valerie,Lopez,04/10/1983,382-70-0441,AL
273,Sarah,Hayes,11/20/1984,110-63-8195,CT
141,Christina,Arnold,10/20/1979,155-78-2313,NY
338,Cynthia,Bennett,11/26/1973,763-92-7899,MD
15,Michelle,Huang,04/09/1983,469-34-8363,UT
120,Amanda,Dodson,03/04/1973,203-93-6056,KS
75,Jeff,Hawkins,08/10/1992,488-30-5606,IL
115,Patrick,Taylor,07/29/1991,169-49-5595,MO
629,Elizabeth,Howard,11/05/1984,060-60-2641,AZ
299,Noah,White,04/30/1977,096-79-0897,SC
498,Caroline,Jackson,12/29/1983,228-19-4102,DE
445,Andrea,Wright,06/15/1978,305-24-8386,OH
582,Sara,Smith,01/02/1983,761-28-9188,TN
245,Jennifer,Rodriguez,04/23/1974,264-82-2538,NM
129,Deanna,Terrell,02/05/1990,037-69-5743,OK
544,Kristina,Summers,02/17/1989,005-91-3058,OR
377,Laura,Mercado,04/05/1974,303-84-9514,MI
155,Matthew,Kane,11/17/1990,236-21-9385,PA
440,Tamara,White,05/20/1980,758-53-6614,FL
550,Samantha,Thompson,06/04/1976,279-17-9230,NY
47,John,Mcmillan,03/02/1983,487-50-7301,NV
89,Andrea,Webb,12/11/1985,443-79-7815,VA
145,Lori,Odonnell,10/22/1989,253-31-2415,KS
554,Ronald,Huerta,12/13/1973,479-84-6058,OK
523,Chelsea,Foster,03/26/1974,383-14-4094,AK
499,Daniel,Lopez,09/07/1989,463-91-2639,AR
37,Jonathan,Jones,01/13/1977,835-17-7798,MN
384,Jessica,Gaines,04/23/1981,424-63-9332,CO
514,Timothy,Morris,06/16/1981,644-90-2962,WY
260,Donna,Campbell,07/14/1993,272-12-2369,NV
239,Tonya,Martinez,09/04/1972,758-21-7702,IA
420,Pamela,Moore,02/20/1980,116-55-9532,NJ
380,Michelle,Ali,05/05/1993,276-49-3823,KS
387,Alexander,Gibson,10/27/1983,691-27-1036,CO
207,Jay,Smith,03/06/1985,223-84-6315,CT
318,Teresa,Watkins,07/27/1972,888-39-5707,NY
16,Bradley,Guzman,05/08/1980,169-11-2817,WY
61,Rhonda,Young,06/03/1979,417-54-2336,NE
280,Brandon,Davis,07/22/1977,787-43-1621,AZ
13,Brandon,Farmer,08/10/1980,456-81-2601,TX
563,Barbara,Murphy,10/30/1989,061-21-9225,AR
569,James,King,04/21/1978,780-72-1432,AK
575,Drew,Kelly,03/25/1993,472-02-3264,WA
319,Virginia,Wise,02/18/1982,672-32-8887,OR
122,Mary,Hernandez,01/29/1990,565-81-5268,NY
520,Ryan,Russell,01/06/1975,092-91-3828,HI
489,Amanda,Smith,08/05/1989,572-68-3579,DE
136,Morgan,Dunn,07/13/1980,023-57-1601,AZ
142,Kimberly,Shaw,06/11/1973,215-04-7577,MA
250,Kathleen,Klein,01/15/1990,020-62-3388,NM
383,Diana,Meyers,09/13/1972,070-31-4296,TN
650,Logan,Smith,03/26/1990,561-73-0194,MN
231,Tracy,Martin,05/03/1975,818-01-0726,AK
431,Edwin,Martin,02/13/1988,408-06-9168,MO
306,Kelly,Moran,07/14/1976,729-38-0670,NV
151,Robert,Smith,01/12/1987,038-77-2300,ID
519,Jane,Martinez,01/30/1991,747-95-3977,AZ
172,Denise,Castillo,10/10/1983,748-58-0042,LA
121,Jonathon,Brock,04/30/1980,825-84-9917,CO
140,Amanda,Franco,09/24/1994,300-85-5413,AK
48,Heather,Robinson,11/20/1985,237-56-1929,MN
282,Kathryn,Stout,08/24/1987,137-83-9637,IA
42,Cory,Hopkins,03/13/1977,272-53-9491,AK
247,Ryan,Snyder,07/14/1982,857-30-9330,MA
59,Sara,Walker,08/16/1985,024-86-5423,NE
137,Daniel,Garcia,04/21/1979,560-41-3001,WI
257,Paul,Evans,06/25/1977,401-60-4302,MN
343,Elizabeth,Olson,01/22/1976,638-61-7163,MA
195,Ann,Romero,10/27/1989,460-21-4046,DE
268,Thomas,Jensen,02/23/1991,771-14-3430,OH
558,Brian,Davila,07/05/1982,054-83-3711,DE
70,Donna,Howard,03/31/1990,306-06-7432,MS
28,Kimberly,Massey,01/01/1981,769-02-4649,MO
132,Jeremy,Cross,11/22/1987,157-72-4632,HI
335,Dennis,Thomas,06/11/1989,326-36-5032,IN
349,Kenneth,Martin,08/24/1989,175-81-4681,MI
510,Tyler,Brewer,06/28/1972,212-01-9006,HI
36,Scott,Brooks,02/24/1972,855-42-4958,NY
430,Derrick,Fritz,12/05/1982,075-98-0071,IA
376,Christine,Munoz,11/17/1974,018-38-0149,MO
226,Julie,Robbins,11/23/1976,058-13-4571,IN
240,Rachel,Cook,03/03/1982,716-85-9042,NM
291,Kyle,Hoffman,12/25/1984,003-43-7692,MT
619,Nancy,Nguyen,07/05/1976,847-75-3939,VA
424,John,Wells,05/25/1993,299-24-3026,NH
212,Robert,Ellison,07/16/1979,371-13-9579,NE
263,Keith,Robinson,04/15/1978,538-88-3579,NC
443,Dennis,Osborn,11/15/1973,716-62-3531,MA
26,Ronald,Hays,12/21/1993,282-09-6430,TX
491,Leslie,Brown,06/15/1973,805-86-1806,NJ
114,Maria,Chapman,12/20/1973,165-32-7300,OK
434,Melissa,Torres,03/22/1981,484-34-6921,NM
615,Joshua,Weaver,11/20/1982,268-48-7030,IA
525,Crystal,Martin,08/29/1993,252-45-0679,ME
44,Sheri,Ball,08/04/1991,422-21-7548,AZ
475,Steven,Ritter,02/11/1986,063-53-8004,OH
529,Linda,Krause,12/22/1978,138-55-4382,SD
83,John,Myers,07/25/1989,879-93-1869,NJ
275,Mark,White,09/09/1992,254-67-7830,ID
190,Diana,Smith,12/02/1973,893-18-3506,IL
423,Karen,Lyons,06/09/1990,244-19-9081,OK
581,Laura,Glenn,10/20/1992,401-57-1468,TX
177,Diana,Spence,09/20/1983,802-85-4751,MA
573,Samantha,Farley,07/10/1977,225-05-2351,WA
46,Kayla,Mitchell,10/13/1975,014-15-9155,WI
17,Crystal,Myers,12/31/1980,497-13-6532,OH
101,Brooke,Jones,04/09/1979,200-90-2606,TN
261,John,Mueller,03/22/1987,260-56-7849,MD
435,Karla,Rosales,07/10/1983,294-95-1729,IL
448,Jennifer,Brown,08/23/1977,234-83-0700,MA
597,Blake,Jimenez,09/10/1977,199-95-3810,KS
628,Michael,Garcia,11/05/1980,716-14-4294,IL
610,Jermaine,Quinn,12/24/1989,800-42-1754,CA
113,Patricia,Cruz,04/22/1976,214-78-3822,IN
235,Cameron,Mcintosh,02/01/1975,781-82-8921,NV
21,Michelle,Brewer,06/10/1988,038-84-6836,OK
362,Hannah,Nolan,09/15/1978,570-46-1332,OK
368,Erica,Johnson,05/27/1978,620-05-9413,LA
323,Jeremy,Obrien,01/13/1982,153-17-7592,OR
